ID,allele1,allele2,melanoma
1,T,T,1
2,T,T,1
3,T,T,1
4,T,T,1
5,T,T,1
6,T,T,1
7,T,T,1
8,T,T,1
9,T,T,1
10,T,T,1
11,T,T,1
12,T,T,1
13,T,T,1
14,T,T,1
15,T,T,1
16,T,T,1
17,T,T,1
18,T,T,1
19,T,T,1
20,T,T,1
21,T,T,1
22,T,T,1
23,T,T,1
24,T,T,1
25,T,T,1
26,T,T,1
27,T,T,1
28,T,T,1
29,T,T,1
30,T,T,1
31,T,T,1
32,T,T,1
33,T,T,1
34,T,T,1
35,T,T,1
36,T,T,1
37,T,T,1
38,T,T,1
39,T,T,1
40,T,T,1
41,T,T,1
42,T,T,1
43,T,T,1
44,T,T,1
45,T,T,1
46,T,T,1
47,T,T,1
48,T,T,1
49,T,T,1
50,T,T,1
51,T,T,1
52,T,T,1
53,T,T,1
54,T,T,1
55,T,T,1
56,T,T,1
57,T,T,1
58,T,T,1
59,T,T,1
60,T,T,1
61,T,T,1
62,T,T,1
63,T,T,1
64,T,T,1
65,T,T,1
66,T,T,1
67,T,T,1
68,T,T,1
69,T,T,1
70,T,T,1
71,T,T,1
72,T,T,1
73,T,T,1
74,T,T,1
75,T,T,1
76,T,T,1
77,T,T,1
78,T,T,1
79,T,T,1
80,T,T,1
81,T,T,1
82,T,T,1
83,T,T,1
84,T,T,1
85,T,T,1
86,T,T,1
87,T,T,1
88,T,T,1
89,T,T,1
90,T,T,1
91,T,T,1
92,T,T,1
93,T,T,1
94,T,T,1
95,T,T,1
96,T,T,1
97,T,T,1
98,T,T,1
99,T,T,1
100,T,T,1
101,T,T,1
102,T,T,1
103,T,T,1
104,T,T,1
105,T,T,1
106,T,T,1
107,T,T,1
108,T,T,1
109,T,T,1
110,C,T,1
111,C,T,1
112,C,T,1
113,C,T,1
114,C,T,1
115,C,T,1
116,C,T,1
117,C,T,1
118,C,T,1
119,C,T,1
120,C,T,1
121,C,T,1
122,C,T,1
123,C,T,1
124,C,T,1
125,C,T,1
126,C,T,1
127,C,T,1
128,C,T,1
129,C,T,1
130,C,T,1
131,C,T,1
132,C,T,1
133,C,T,1
134,C,T,1
135,C,T,1
136,C,T,1
137,C,T,1
138,C,T,1
139,C,T,1
140,C,T,1
141,C,T,1
142,C,T,1
143,C,T,1
144,C,T,1
145,C,T,1
146,C,T,1
147,C,T,1
148,C,T,1
149,C,T,1
150,C,T,1
151,C,T,1
152,C,T,1
153,C,T,1
154,C,T,1
155,C,T,1
156,C,T,1
157,C,T,1
158,C,T,1
159,C,T,1
160,C,T,1
161,C,T,1
162,C,T,1
163,C,T,1
164,C,T,1
165,C,T,1
166,C,T,1
167,C,T,1
168,C,T,1
169,C,T,1
170,C,T,1
171,C,T,1
172,C,T,1
173,C,T,1
174,C,T,1
175,C,T,1
176,C,T,1
177,C,T,1
178,C,T,1
179,C,T,1
180,C,T,1
181,C,T,1
182,C,T,1
183,C,T,1
184,C,T,1
185,C,T,1
186,C,T,1
187,C,T,1
188,C,T,1
189,C,T,1
190,C,T,1
191,C,T,1
192,C,T,1
193,C,T,1
194,C,T,1
195,C,T,1
196,C,T,1
197,C,T,1
198,C,T,1
199,C,T,1
200,C,T,1
201,C,T,1
202,C,T,1
203,C,T,1
204,C,T,1
205,C,T,1
206,C,T,1
207,C,T,1
208,C,T,1
209,C,T,1
210,C,T,1
211,C,T,1
212,C,T,1
213,C,T,1
214,C,T,1
215,C,T,1
216,C,T,1
217,C,T,1
218,C,T,1
219,C,T,1
220,C,T,1
221,C,T,1
222,C,T,1
223,C,T,1
224,C,T,1
225,C,T,1
226,C,T,1
227,C,T,1
228,C,T,1
229,C,T,1
230,C,T,1
231,C,T,1
232,C,T,1
233,C,T,1
234,C,T,1
235,C,T,1
236,C,T,1
237,C,T,1
238,C,T,1
239,C,T,1
240,C,T,1
241,C,T,1
242,C,T,1
243,C,T,1
244,C,T,1
245,C,T,1
246,C,T,1
247,C,T,1
248,C,T,1
249,C,T,1
250,C,T,1
251,C,T,1
252,C,T,1
253,C,T,1
254,C,T,1
255,C,T,1
256,C,T,1
257,C,T,1
258,C,T,1
259,C,T,1
260,C,T,1
261,C,T,1
262,C,T,1
263,C,T,1
264,C,T,1
265,C,T,1
266,C,T,1
267,C,T,1
268,C,T,1
269,C,T,1
270,C,T,1
271,C,T,1
272,C,T,1
273,C,T,1
274,C,T,1
275,C,T,1
276,C,T,1
277,C,T,1
278,C,T,1
279,C,T,1
280,C,T,1
281,C,T,1
282,C,T,1
283,C,T,1
284,C,T,1
285,C,T,1
286,C,T,1
287,C,T,1
288,C,T,1
289,C,T,1
290,C,T,1
291,C,T,1
292,C,T,1
293,C,T,1
294,C,T,1
295,C,T,1
296,C,T,1
297,C,T,1
298,C,T,1
299,C,T,1
300,C,T,1
301,C,T,1
302,C,T,1
303,C,T,1
304,C,T,1
305,C,T,1
306,C,T,1
307,C,T,1
308,C,T,1
309,C,T,1
310,C,T,1
311,C,T,1
312,C,T,1
313,C,T,1
314,C,T,1
315,C,T,1
316,C,T,1
317,C,T,1
318,C,T,1
319,C,T,1
320,C,T,1
321,C,T,1
322,C,T,1
323,C,T,1
324,C,T,1
325,C,T,1
326,C,T,1
327,C,T,1
328,C,T,1
329,C,T,1
330,C,T,1
331,C,T,1
332,C,T,1
333,C,T,1
334,C,T,1
335,C,T,1
336,C,T,1
337,C,T,1
338,C,T,1
339,C,T,1
340,C,T,1
341,C,T,1
342,C,T,1
343,C,T,1
344,C,T,1
345,C,T,1
346,C,T,1
347,C,T,1
348,C,T,1
349,C,T,1
350,C,T,1
351,C,T,1
352,C,T,1
353,C,T,1
354,C,T,1
355,C,T,1
356,C,T,1
357,C,T,1
358,C,T,1
359,C,T,1
360,C,T,1
361,C,T,1
362,C,T,1
363,C,T,1
364,C,T,1
365,C,T,1
366,C,T,1
367,C,T,1
368,C,T,1
369,C,T,1
370,C,T,1
371,C,T,1
372,C,T,1
373,C,T,1
374,C,T,1
375,C,T,1
376,C,T,1
377,C,T,1
378,C,T,1
379,C,T,1
380,C,T,1
381,C,T,1
382,C,T,1
383,C,T,1
384,C,T,1
385,C,T,1
386,C,T,1
387,C,T,1
388,C,T,1
389,C,T,1
390,C,T,1
391,C,T,1
392,C,T,1
393,C,T,1
394,C,T,1
395,C,T,1
396,C,T,1
397,C,T,1
398,C,T,1
399,C,T,1
400,C,T,1
401,C,T,1
402,C,T,1
403,C,T,1
404,C,T,1
405,C,T,1
406,C,T,1
407,C,T,1
408,C,T,1
409,C,T,1
410,C,T,1
411,C,T,1
412,C,T,1
413,C,T,1
414,C,T,1
415,C,T,1
416,C,T,1
417,C,T,1
418,C,T,1
419,C,T,1
420,C,T,1
421,C,T,1
422,C,T,1
423,C,T,1
424,C,T,1
425,C,T,1
426,C,T,1
427,C,T,1
428,C,T,1
429,C,T,1
430,C,T,1
431,C,T,1
432,C,T,1
433,C,T,1
434,C,T,1
435,C,T,1
436,C,T,1
437,C,T,1
438,C,T,1
439,C,T,1
440,C,T,1
441,C,T,1
442,C,T,1
443,C,T,1
444,C,T,1
445,C,T,1
446,C,T,1
447,C,T,1
448,C,T,1
449,C,T,1
450,C,T,1
451,C,T,1
452,C,T,1
453,C,T,1
454,C,T,1
455,C,T,1
456,C,T,1
457,C,T,1
458,C,T,1
459,C,T,1
460,C,T,1
461,C,T,1
462,C,T,1
463,C,T,1
464,C,T,1
465,C,T,1
466,C,T,1
467,C,T,1
468,C,T,1
469,C,T,1
470,C,T,1
471,C,T,1
472,C,T,1
473,C,T,1
474,C,T,1
475,C,T,1
476,C,T,1
477,C,T,1
478,C,T,1
479,C,T,1
480,C,T,1
481,C,T,1
482,C,T,1
483,C,T,1
484,C,T,1
485,C,T,1
486,C,T,1
487,C,T,1
488,C,T,1
489,C,T,1
490,C,T,1
491,C,T,1
492,C,T,1
493,C,T,1
494,C,T,1
495,C,T,1
496,C,T,1
497,C,T,1
498,C,T,1
499,C,T,1
500,C,T,1
501,C,T,1
502,C,T,1
503,C,T,1
504,C,T,1
505,C,T,1
506,C,T,1
507,C,T,1
508,C,T,1
509,C,T,1
510,C,T,1
511,C,T,1
512,C,T,1
513,C,T,1
514,C,T,1
515,C,T,1
516,C,T,1
517,C,T,1
518,C,T,1
519,C,T,1
520,C,T,1
521,C,T,1
522,C,T,1
523,C,T,1
524,C,T,1
525,C,T,1
526,C,T,1
527,C,T,1
528,C,T,1
529,C,T,1
530,C,T,1
531,C,T,1
532,C,T,1
533,C,T,1
534,C,T,1
535,C,T,1
536,C,C,1
537,C,C,1
538,C,C,1
539,C,C,1
540,C,C,1
541,C,C,1
542,C,C,1
543,C,C,1
544,C,C,1
545,C,C,1
546,C,C,1
547,C,C,1
548,C,C,1
549,C,C,1
550,C,C,1
551,C,C,1
552,C,C,1
553,C,C,1
554,C,C,1
555,C,C,1
556,C,C,1
557,C,C,1
558,C,C,1
559,C,C,1
560,C,C,1
561,C,C,1
562,C,C,1
563,C,C,1
564,C,C,1
565,C,C,1
566,C,C,1
567,C,C,1
568,C,C,1
569,C,C,1
570,C,C,1
571,C,C,1
572,C,C,1
573,C,C,1
574,C,C,1
575,C,C,1
576,C,C,1
577,C,C,1
578,C,C,1
579,C,C,1
580,C,C,1
581,C,C,1
582,C,C,1
583,C,C,1
584,C,C,1
585,C,C,1
586,C,C,1
587,C,C,1
588,C,C,1
589,C,C,1
590,C,C,1
591,C,C,1
592,C,C,1
593,C,C,1
594,C,C,1
595,C,C,1
596,C,C,1
597,C,C,1
598,C,C,1
599,C,C,1
600,C,C,1
601,C,C,1
602,C,C,1
603,C,C,1
604,C,C,1
605,C,C,1
606,C,C,1
607,C,C,1
608,C,C,1
609,C,C,1
610,C,C,1
611,C,C,1
612,C,C,1
613,C,C,1
614,C,C,1
615,C,C,1
616,C,C,1
617,C,C,1
618,C,C,1
619,C,C,1
620,C,C,1
621,C,C,1
622,C,C,1
623,C,C,1
624,C,C,1
625,C,C,1
626,C,C,1
627,C,C,1
628,C,C,1
629,C,C,1
630,C,C,1
631,C,C,1
632,C,C,1
633,C,C,1
634,C,C,1
635,C,C,1
636,C,C,1
637,C,C,1
638,C,C,1
639,C,C,1
640,C,C,1
641,C,C,1
642,C,C,1
643,C,C,1
644,C,C,1
645,C,C,1
646,C,C,1
647,C,C,1
648,C,C,1
649,C,C,1
650,C,C,1
651,C,C,1
652,C,C,1
653,C,C,1
654,C,C,1
655,C,C,1
656,C,C,1
657,C,C,1
658,C,C,1
659,C,C,1
660,C,C,1
661,C,C,1
662,C,C,1
663,C,C,1
664,C,C,1
665,C,C,1
666,C,C,1
667,C,C,1
668,C,C,1
669,C,C,1
670,C,C,1
671,C,C,1
672,C,C,1
673,C,C,1
674,C,C,1
675,C,C,1
676,C,C,1
677,C,C,1
678,C,C,1
679,C,C,1
680,C,C,1
681,C,C,1
682,C,C,1
683,C,C,1
684,C,C,1
685,C,C,1
686,C,C,1
687,C,C,1
688,C,C,1
689,C,C,1
690,C,C,1
691,C,C,1
692,C,C,1
693,C,C,1
694,C,C,1
695,C,C,1
696,C,C,1
697,C,C,1
698,C,C,1
699,C,C,1
700,C,C,1
701,C,C,1
702,C,C,1
703,C,C,1
704,C,C,1
705,C,C,1
706,C,C,1
707,C,C,1
708,C,C,1
709,C,C,1
710,C,C,1
711,C,C,1
712,C,C,1
713,C,C,1
714,C,C,1
715,C,C,1
716,C,C,1
717,C,C,1
718,C,C,1
719,C,C,1
720,C,C,1
721,C,C,1
722,C,C,1
723,C,C,1
724,C,C,1
725,C,C,1
726,C,C,1
727,C,C,1
728,C,C,1
729,C,C,1
730,C,C,1
731,C,C,1
732,C,C,1
733,C,C,1
734,C,C,1
735,C,C,1
736,C,C,1
737,C,C,1
738,C,C,1
739,C,C,1
740,C,C,1
741,C,C,1
742,C,C,1
743,C,C,1
744,C,C,1
745,C,C,1
746,C,C,1
747,C,C,1
748,C,C,1
749,C,C,1
750,C,C,1
751,C,C,1
752,C,C,1
753,C,C,1
754,C,C,1
755,C,C,1
756,C,C,1
757,C,C,1
758,C,C,1
759,C,C,1
760,C,C,1
761,C,C,1
762,C,C,1
763,C,C,1
764,C,C,1
765,C,C,1
766,C,C,1
767,C,C,1
768,C,C,1
769,C,C,1
770,C,C,1
771,C,C,1
772,C,C,1
773,C,C,1
774,C,C,1
775,C,C,1
776,C,C,1
777,C,C,1
778,C,C,1
779,C,C,1
780,C,C,1
781,C,C,1
782,C,C,1
783,C,C,1
784,C,C,1
785,C,C,1
786,C,C,1
787,C,C,1
788,C,C,1
789,C,C,1
790,C,C,1
791,C,C,1
792,C,C,1
793,C,C,1
794,C,C,1
795,C,C,1
796,C,C,1
797,C,C,1
798,C,C,1
799,C,C,1
800,C,C,1
801,C,C,1
802,C,C,1
803,C,C,1
804,C,C,1
805,C,C,1
806,C,C,1
807,C,C,1
808,C,C,1
809,C,C,1
810,C,C,1
811,C,C,1
812,C,C,1
813,C,C,1
814,C,C,1
815,C,C,1
816,C,C,1
817,C,C,1
818,C,C,1
819,C,C,1
820,C,C,1
821,C,C,1
822,C,C,1
823,C,C,1
824,C,C,1
825,C,C,1
826,C,C,1
827,C,C,1
828,C,C,1
829,C,C,1
830,C,C,1
831,C,C,1
832,C,C,1
833,C,C,1
834,C,C,1
835,C,C,1
836,C,C,1
837,C,C,1
838,C,C,1
839,C,C,1
840,C,C,1
841,C,C,1
842,C,C,1
843,C,C,1
844,C,C,1
845,C,C,1
846,C,C,1
847,C,C,1
848,C,C,1
849,C,C,1
850,C,C,1
851,C,C,1
852,C,C,1
853,C,C,1
854,C,C,1
855,C,C,1
856,C,C,1
857,C,C,1
858,C,C,1
859,C,C,1
860,C,C,1
861,C,C,1
862,C,C,1
863,C,C,1
864,C,C,1
865,C,C,1
866,C,C,1
867,C,C,1
868,C,C,1
869,C,C,1
870,C,C,1
871,C,C,1
872,C,C,1
873,C,C,1
874,C,C,1
875,C,C,1
876,C,C,1
877,C,C,1
878,C,C,1
879,C,C,1
880,C,C,1
881,C,C,1
882,C,C,1
883,C,C,1
884,C,C,1
885,C,C,1
886,C,C,1
887,C,C,1
888,C,C,1
889,C,C,1
890,C,C,1
891,C,C,1
892,C,C,1
893,C,C,1
894,C,C,1
895,C,C,1
896,C,C,1
897,C,C,1
898,C,C,1
899,C,C,1
900,C,C,1
901,C,C,1
902,C,C,1
903,C,C,1
904,C,C,1
905,C,C,1
906,C,C,1
907,C,C,1
908,C,C,1
909,C,C,1
910,C,C,1
911,C,C,1
912,C,C,1
913,C,C,1
914,C,C,1
915,C,C,1
916,C,C,1
917,C,C,1
918,C,C,1
919,C,C,1
920,C,C,1
921,C,C,1
922,C,C,1
923,C,C,1
924,C,C,1
925,C,C,1
926,C,C,1
927,C,C,1
928,C,C,1
929,C,C,1
930,C,C,1
931,C,C,1
932,C,C,1
933,C,C,1
934,C,C,1
935,C,C,1
936,C,C,1
937,C,C,1
938,C,C,1
939,C,C,1
940,C,C,1
941,C,C,1
942,C,C,1
943,C,C,1
944,C,C,1
945,C,C,1
946,C,C,1
947,C,C,1
948,C,C,1
949,C,C,1
950,C,C,1
951,C,C,1
952,C,C,1
953,C,C,1
954,C,C,1
955,C,C,1
956,C,C,1
957,C,C,1
958,C,C,1
959,C,C,1
960,C,C,1
961,C,C,1
962,C,C,1
963,C,C,1
964,C,C,1
965,C,C,1
966,C,C,1
967,C,C,1
968,C,C,1
969,C,C,1
970,C,C,1
971,C,C,1
972,C,C,1
973,C,C,1
974,C,C,1
975,C,C,1
976,C,C,1
977,C,C,1
978,C,C,1
979,C,C,1
980,C,C,1
981,C,C,1
982,C,C,1
983,C,C,1
984,C,C,1
985,C,C,1
986,C,C,1
987,C,C,1
988,C,C,1
989,C,C,1
990,C,C,1
991,C,C,1
992,C,C,1
993,C,C,1
994,C,C,1
995,C,C,1
996,C,C,1
997,C,C,1
998,C,C,1
999,C,C,1
1000,C,C,1
1001,C,C,1
1002,C,C,1
1003,C,C,1
1004,C,C,1
1005,C,C,1
1006,C,C,1
1007,C,C,1
1008,C,C,1
1009,C,C,1
1010,C,C,1
1011,C,C,1
1012,C,C,1
1013,C,C,1
1014,C,C,1
1015,C,C,1
1016,C,C,1
1017,C,C,1
1018,C,C,1
1019,C,C,1
1020,C,C,1
1021,C,C,1
1022,C,C,1
1023,C,C,1
1024,C,C,1
1025,C,C,1
1026,C,C,1
1027,C,C,1
1028,C,C,1
1029,C,C,1
1030,C,C,1
1031,C,C,1
1032,C,C,1
1033,C,C,1
1034,C,C,1
1035,C,C,1
1036,C,C,1
1037,C,C,1
1038,C,C,1
1039,C,C,1
1040,C,C,1
1041,C,C,1
1042,C,C,1
1043,C,C,1
1044,C,C,1
1045,C,C,1
1046,C,C,1
1047,C,C,1
1048,C,C,1
1049,C,C,1
1050,C,C,1
1051,C,C,1
1052,C,C,1
1053,C,C,1
1054,C,C,1
1055,C,C,1
1056,C,C,1
1057,C,C,1
1058,C,C,1
1059,C,C,1
1060,C,C,1
1061,C,C,1
1062,C,C,1
1063,C,C,1
1064,C,C,1
1065,C,C,1
1066,C,C,1
1067,C,C,1
1068,C,C,1
1069,C,C,1
1070,C,C,1
1071,C,C,1
1072,C,C,1
1073,C,C,1
1074,C,C,1
1075,C,C,1
1076,C,C,1
1077,C,C,1
1078,C,C,1
1079,C,C,1
1080,C,C,1
1081,C,C,1
1082,C,C,1
1083,C,C,1
1084,C,C,1
1085,C,C,1
1086,C,C,1
1087,C,C,1
1088,C,C,1
1089,C,C,1
1090,C,C,1
1091,C,C,1
1092,C,C,1
1093,C,C,1
1094,C,C,1
1095,C,C,1
1096,C,C,1
1097,C,C,1
1098,C,C,1
1099,C,C,1
1100,C,C,1
1101,C,C,1
1102,C,C,1
1103,C,C,1
1104,C,C,1
1105,C,C,1
1106,C,C,1
1107,C,C,1
1108,C,C,1
1109,C,C,1
1110,C,C,1
1111,C,C,1
1112,C,C,1
1113,C,C,1
1114,C,C,1
1115,C,C,1
1116,C,C,1
1117,C,C,1
1118,C,C,1
1119,C,C,1
1120,C,C,1
1121,C,C,1
1122,C,C,1
1123,C,C,1
1124,C,C,1
1125,C,C,1
1126,C,C,1
1127,C,C,1
1128,C,C,1
1129,C,C,1
1130,C,C,1
1131,C,C,1
1132,C,C,1
1133,C,C,1
1134,C,C,1
1135,C,C,1
1136,C,C,1
1137,C,C,1
1138,C,C,1
1139,C,C,1
1140,C,C,1
1141,C,C,1
1142,C,C,1
1143,C,C,1
1144,C,C,1
1145,C,C,1
1146,C,C,1
1147,C,C,1
1148,C,C,1
1149,C,C,1
1150,C,C,1
1151,C,C,1
1152,C,C,1
1153,C,C,1
1154,C,C,1
1155,C,C,1
1156,C,C,1
1157,C,C,1
1158,C,C,1
1159,C,C,1
1160,C,C,1
1161,C,C,1
1162,C,C,1
1163,C,C,1
1164,C,C,1
1165,C,C,1
1166,C,C,1
1167,C,C,1
1168,C,C,1
1169,C,C,1
1170,C,C,1
1171,C,C,1
1172,C,C,1
1173,C,C,1
1174,C,C,1
1175,C,C,1
1176,C,C,1
1177,C,C,1
1178,C,C,1
1179,C,C,1
1180,C,C,1
1181,C,C,1
1182,C,C,1
1183,C,C,1
1184,C,C,1
1185,C,C,1
1186,C,C,1
1187,C,C,1
1188,C,C,1
1189,C,C,1
1190,C,C,1
1191,C,C,1
1192,C,C,1
1193,T,T,0
1194,T,T,0
1195,T,T,0
1196,T,T,0
1197,T,T,0
1198,T,T,0
1199,T,T,0
1200,T,T,0
1201,T,T,0
1202,T,T,0
1203,T,T,0
1204,T,T,0
1205,T,T,0
1206,T,T,0
1207,T,T,0
1208,T,T,0
1209,T,T,0
1210,T,T,0
1211,T,T,0
1212,T,T,0
1213,T,T,0
1214,T,T,0
1215,T,T,0
1216,T,T,0
1217,T,T,0
1218,T,T,0
1219,T,T,0
1220,T,T,0
1221,T,T,0
1222,T,T,0
1223,T,T,0
1224,T,T,0
1225,T,T,0
1226,T,T,0
1227,T,T,0
1228,T,T,0
1229,T,T,0
1230,T,T,0
1231,T,T,0
1232,T,T,0
1233,T,T,0
1234,T,T,0
1235,T,T,0
1236,T,T,0
1237,T,T,0
1238,T,T,0
1239,T,T,0
1240,T,T,0
1241,T,T,0
1242,T,T,0
1243,T,T,0
1244,T,T,0
1245,T,T,0
1246,T,T,0
1247,T,T,0
1248,T,T,0
1249,T,T,0
1250,T,T,0
1251,T,T,0
1252,T,T,0
1253,T,T,0
1254,T,T,0
1255,T,T,0
1256,T,T,0
1257,T,T,0
1258,T,T,0
1259,T,T,0
1260,T,T,0
1261,T,T,0
1262,T,T,0
1263,T,T,0
1264,T,T,0
1265,T,T,0
1266,T,T,0
1267,T,T,0
1268,T,T,0
1269,T,T,0
1270,T,T,0
1271,T,T,0
1272,T,T,0
1273,T,T,0
1274,T,T,0
1275,T,T,0
1276,T,T,0
1277,T,T,0
1278,T,T,0
1279,T,T,0
1280,T,T,0
1281,T,T,0
1282,T,T,0
1283,T,T,0
1284,T,T,0
1285,T,T,0
1286,T,T,0
1287,T,T,0
1288,T,T,0
1289,T,T,0
1290,T,T,0
1291,T,T,0
1292,T,T,0
1293,T,T,0
1294,T,T,0
1295,T,T,0
1296,T,T,0
1297,T,T,0
1298,T,T,0
1299,T,T,0
1300,T,T,0
1301,T,T,0
1302,T,T,0
1303,T,T,0
1304,T,T,0
1305,T,T,0
1306,T,T,0
1307,T,T,0
1308,T,T,0
1309,T,T,0
1310,T,T,0
1311,T,T,0
1312,T,T,0
1313,T,T,0
1314,T,T,0
1315,T,T,0
1316,T,T,0
1317,T,T,0
1318,T,T,0
1319,C,T,0
1320,C,T,0
1321,C,T,0
1322,C,T,0
1323,C,T,0
1324,C,T,0
1325,C,T,0
1326,C,T,0
1327,C,T,0
1328,C,T,0
1329,C,T,0
1330,C,T,0
1331,C,T,0
1332,C,T,0
1333,C,T,0
1334,C,T,0
1335,C,T,0
1336,C,T,0
1337,C,T,0
1338,C,T,0
1339,C,T,0
1340,C,T,0
1341,C,T,0
1342,C,T,0
1343,C,T,0
1344,C,T,0
1345,C,T,0
1346,C,T,0
1347,C,T,0
1348,C,T,0
1349,C,T,0
1350,C,T,0
1351,C,T,0
1352,C,T,0
1353,C,T,0
1354,C,T,0
1355,C,T,0
1356,C,T,0
1357,C,T,0
1358,C,T,0
1359,C,T,0
1360,C,T,0
1361,C,T,0
1362,C,T,0
1363,C,T,0
1364,C,T,0
1365,C,T,0
1366,C,T,0
1367,C,T,0
1368,C,T,0
1369,C,T,0
1370,C,T,0
1371,C,T,0
1372,C,T,0
1373,C,T,0
1374,C,T,0
1375,C,T,0
1376,C,T,0
1377,C,T,0
1378,C,T,0
1379,C,T,0
1380,C,T,0
1381,C,T,0
1382,C,T,0
1383,C,T,0
1384,C,T,0
1385,C,T,0
1386,C,T,0
1387,C,T,0
1388,C,T,0
1389,C,T,0
1390,C,T,0
1391,C,T,0
1392,C,T,0
1393,C,T,0
1394,C,T,0
1395,C,T,0
1396,C,T,0
1397,C,T,0
1398,C,T,0
1399,C,T,0
1400,C,T,0
1401,C,T,0
1402,C,T,0
1403,C,T,0
1404,C,T,0
1405,C,T,0
1406,C,T,0
1407,C,T,0
1408,C,T,0
1409,C,T,0
1410,C,T,0
1411,C,T,0
1412,C,T,0
1413,C,T,0
1414,C,T,0
1415,C,T,0
1416,C,T,0
1417,C,T,0
1418,C,T,0
1419,C,T,0
1420,C,T,0
1421,C,T,0
1422,C,T,0
1423,C,T,0
1424,C,T,0
1425,C,T,0
1426,C,T,0
1427,C,T,0
1428,C,T,0
1429,C,T,0
1430,C,T,0
1431,C,T,0
1432,C,T,0
1433,C,T,0
1434,C,T,0
1435,C,T,0
1436,C,T,0
1437,C,T,0
1438,C,T,0
1439,C,T,0
1440,C,T,0
1441,C,T,0
1442,C,T,0
1443,C,T,0
1444,C,T,0
1445,C,T,0
1446,C,T,0
1447,C,T,0
1448,C,T,0
1449,C,T,0
1450,C,T,0
1451,C,T,0
1452,C,T,0
1453,C,T,0
1454,C,T,0
1455,C,T,0
1456,C,T,0
1457,C,T,0
1458,C,T,0
1459,C,T,0
1460,C,T,0
1461,C,T,0
1462,C,T,0
1463,C,T,0
1464,C,T,0
1465,C,T,0
1466,C,T,0
1467,C,T,0
1468,C,T,0
1469,C,T,0
1470,C,T,0
1471,C,T,0
1472,C,T,0
1473,C,T,0
1474,C,T,0
1475,C,T,0
1476,C,T,0
1477,C,T,0
1478,C,T,0
1479,C,T,0
1480,C,T,0
1481,C,T,0
1482,C,T,0
1483,C,T,0
1484,C,T,0
1485,C,T,0
1486,C,T,0
1487,C,T,0
1488,C,T,0
1489,C,T,0
1490,C,T,0
1491,C,T,0
1492,C,T,0
1493,C,T,0
1494,C,T,0
1495,C,T,0
1496,C,T,0
1497,C,T,0
1498,C,T,0
1499,C,T,0
1500,C,T,0
1501,C,T,0
1502,C,T,0
1503,C,T,0
1504,C,T,0
1505,C,T,0
1506,C,T,0
1507,C,T,0
1508,C,T,0
1509,C,T,0
1510,C,T,0
1511,C,T,0
1512,C,T,0
1513,C,T,0
1514,C,T,0
1515,C,T,0
1516,C,T,0
1517,C,T,0
1518,C,T,0
1519,C,T,0
1520,C,T,0
1521,C,T,0
1522,C,T,0
1523,C,T,0
1524,C,T,0
1525,C,T,0
1526,C,T,0
1527,C,T,0
1528,C,T,0
1529,C,T,0
1530,C,T,0
1531,C,T,0
1532,C,T,0
1533,C,T,0
1534,C,T,0
1535,C,T,0
1536,C,T,0
1537,C,T,0
1538,C,T,0
1539,C,T,0
1540,C,T,0
1541,C,T,0
1542,C,T,0
1543,C,T,0
1544,C,T,0
1545,C,T,0
1546,C,T,0
1547,C,T,0
1548,C,T,0
1549,C,T,0
1550,C,T,0
1551,C,T,0
1552,C,T,0
1553,C,T,0
1554,C,T,0
1555,C,T,0
1556,C,T,0
1557,C,T,0
1558,C,T,0
1559,C,T,0
1560,C,T,0
1561,C,T,0
1562,C,T,0
1563,C,T,0
1564,C,T,0
1565,C,T,0
1566,C,T,0
1567,C,T,0
1568,C,T,0
1569,C,T,0
1570,C,T,0
1571,C,T,0
1572,C,T,0
1573,C,T,0
1574,C,T,0
1575,C,T,0
1576,C,T,0
1577,C,T,0
1578,C,T,0
1579,C,T,0
1580,C,T,0
1581,C,T,0
1582,C,T,0
1583,C,T,0
1584,C,T,0
1585,C,T,0
1586,C,T,0
1587,C,T,0
1588,C,T,0
1589,C,T,0
1590,C,T,0
1591,C,T,0
1592,C,T,0
1593,C,T,0
1594,C,T,0
1595,C,T,0
1596,C,T,0
1597,C,T,0
1598,C,T,0
1599,C,T,0
1600,C,T,0
1601,C,T,0
1602,C,T,0
1603,C,T,0
1604,C,T,0
1605,C,T,0
1606,C,T,0
1607,C,T,0
1608,C,T,0
1609,C,T,0
1610,C,T,0
1611,C,T,0
1612,C,T,0
1613,C,T,0
1614,C,T,0
1615,C,T,0
1616,C,T,0
1617,C,T,0
1618,C,T,0
1619,C,T,0
1620,C,T,0
1621,C,T,0
1622,C,T,0
1623,C,T,0
1624,C,T,0
1625,C,T,0
1626,C,T,0
1627,C,T,0
1628,C,T,0
1629,C,T,0
1630,C,T,0
1631,C,T,0
1632,C,T,0
1633,C,T,0
1634,C,T,0
1635,C,T,0
1636,C,T,0
1637,C,T,0
1638,C,T,0
1639,C,T,0
1640,C,T,0
1641,C,T,0
1642,C,T,0
1643,C,T,0
1644,C,T,0
1645,C,T,0
1646,C,T,0
1647,C,T,0
1648,C,T,0
1649,C,T,0
1650,C,T,0
1651,C,T,0
1652,C,T,0
1653,C,T,0
1654,C,T,0
1655,C,T,0
1656,C,T,0
1657,C,T,0
1658,C,T,0
1659,C,T,0
1660,C,T,0
1661,C,T,0
1662,C,T,0
1663,C,T,0
1664,C,T,0
1665,C,T,0
1666,C,T,0
1667,C,T,0
1668,C,T,0
1669,C,T,0
1670,C,T,0
1671,C,T,0
1672,C,T,0
1673,C,T,0
1674,C,T,0
1675,C,T,0
1676,C,T,0
1677,C,T,0
1678,C,T,0
1679,C,T,0
1680,C,T,0
1681,C,T,0
1682,C,T,0
1683,C,T,0
1684,C,T,0
1685,C,T,0
1686,C,T,0
1687,C,T,0
1688,C,T,0
1689,C,T,0
1690,C,T,0
1691,C,T,0
1692,C,T,0
1693,C,T,0
1694,C,T,0
1695,C,T,0
1696,C,T,0
1697,C,T,0
1698,C,T,0
1699,C,T,0
1700,C,T,0
1701,C,T,0
1702,C,T,0
1703,C,T,0
1704,C,T,0
1705,C,T,0
1706,C,T,0
1707,C,T,0
1708,C,T,0
1709,C,T,0
1710,C,T,0
1711,C,T,0
1712,C,T,0
1713,C,T,0
1714,C,T,0
1715,C,T,0
1716,C,T,0
1717,C,T,0
1718,C,T,0
1719,C,T,0
1720,C,T,0
1721,C,T,0
1722,C,T,0
1723,C,T,0
1724,C,T,0
1725,C,T,0
1726,C,T,0
1727,C,T,0
1728,C,T,0
1729,C,T,0
1730,C,T,0
1731,C,T,0
1732,C,T,0
1733,C,T,0
1734,C,T,0
1735,C,T,0
1736,C,T,0
1737,C,T,0
1738,C,T,0
1739,C,T,0
1740,C,T,0
1741,C,T,0
1742,C,T,0
1743,C,T,0
1744,C,T,0
1745,C,T,0
1746,C,T,0
1747,C,T,0
1748,C,T,0
1749,C,T,0
1750,C,T,0
1751,C,T,0
1752,C,T,0
1753,C,T,0
1754,C,T,0
1755,C,T,0
1756,C,T,0
1757,C,T,0
1758,C,T,0
1759,C,T,0
1760,C,T,0
1761,C,T,0
1762,C,T,0
1763,C,T,0
1764,C,T,0
1765,C,T,0
1766,C,T,0
1767,C,T,0
1768,C,T,0
1769,C,T,0
1770,C,T,0
1771,C,T,0
1772,C,T,0
1773,C,T,0
1774,C,T,0
1775,C,T,0
1776,C,T,0
1777,C,T,0
1778,C,T,0
1779,C,T,0
1780,C,T,0
1781,C,T,0
1782,C,T,0
1783,C,T,0
1784,C,T,0
1785,C,T,0
1786,C,T,0
1787,C,T,0
1788,C,T,0
1789,C,T,0
1790,C,T,0
1791,C,T,0
1792,C,T,0
1793,C,T,0
1794,C,T,0
1795,C,T,0
1796,C,T,0
1797,C,T,0
1798,C,T,0
1799,C,T,0
1800,C,T,0
1801,C,T,0
1802,C,T,0
1803,C,T,0
1804,C,T,0
1805,C,T,0
1806,C,T,0
1807,C,T,0
1808,C,T,0
1809,C,T,0
1810,C,T,0
1811,C,T,0
1812,C,T,0
1813,C,T,0
1814,C,T,0
1815,C,T,0
1816,C,T,0
1817,C,T,0
1818,C,T,0
1819,C,T,0
1820,C,T,0
1821,C,T,0
1822,C,T,0
1823,C,T,0
1824,C,T,0
1825,C,T,0
1826,C,T,0
1827,C,T,0
1828,C,T,0
1829,C,T,0
1830,C,T,0
1831,C,T,0
1832,C,T,0
1833,C,T,0
1834,C,T,0
1835,C,T,0
1836,C,T,0
1837,C,T,0
1838,C,T,0
1839,C,T,0
1840,C,T,0
1841,C,T,0
1842,C,T,0
1843,C,T,0
1844,C,T,0
1845,C,T,0
1846,C,T,0
1847,C,T,0
1848,C,T,0
1849,C,T,0
1850,C,T,0
1851,C,T,0
1852,C,T,0
1853,C,T,0
1854,C,T,0
1855,C,T,0
1856,C,T,0
1857,C,T,0
1858,C,T,0
1859,C,T,0
1860,C,T,0
1861,C,T,0
1862,C,T,0
1863,C,T,0
1864,C,T,0
1865,C,T,0
1866,C,T,0
1867,C,T,0
1868,C,T,0
1869,C,T,0
1870,C,T,0
1871,C,T,0
1872,C,T,0
1873,C,T,0
1874,C,T,0
1875,C,T,0
1876,C,T,0
1877,C,T,0
1878,C,T,0
1879,C,T,0
1880,C,T,0
1881,C,T,0
1882,C,T,0
1883,C,T,0
1884,C,T,0
1885,C,T,0
1886,C,T,0
1887,C,T,0
1888,C,T,0
1889,C,T,0
1890,C,T,0
1891,C,T,0
1892,C,T,0
1893,C,T,0
1894,C,T,0
1895,C,T,0
1896,C,T,0
1897,C,T,0
1898,C,T,0
1899,C,T,0
1900,C,T,0
1901,C,T,0
1902,C,T,0
1903,C,T,0
1904,C,T,0
1905,C,T,0
1906,C,T,0
1907,C,T,0
1908,C,T,0
1909,C,T,0
1910,C,T,0
1911,C,T,0
1912,C,T,0
1913,C,T,0
1914,C,T,0
1915,C,T,0
1916,C,T,0
1917,C,T,0
1918,C,T,0
1919,C,T,0
1920,C,T,0
1921,C,T,0
1922,C,T,0
1923,C,T,0
1924,C,T,0
1925,C,T,0
1926,C,T,0
1927,C,T,0
1928,C,T,0
1929,C,T,0
1930,C,T,0
1931,C,T,0
1932,C,T,0
1933,C,T,0
1934,C,T,0
1935,C,T,0
1936,C,T,0
1937,C,T,0
1938,C,T,0
1939,C,T,0
1940,C,T,0
1941,C,T,0
1942,C,T,0
1943,C,T,0
1944,C,T,0
1945,C,T,0
1946,C,T,0
1947,C,T,0
1948,C,T,0
1949,C,T,0
1950,C,T,0
1951,C,T,0
1952,C,T,0
1953,C,T,0
1954,C,T,0
1955,C,T,0
1956,C,T,0
1957,C,T,0
1958,C,T,0
1959,C,T,0
1960,C,T,0
1961,C,T,0
1962,C,T,0
1963,C,T,0
1964,C,T,0
1965,C,T,0
1966,C,T,0
1967,C,T,0
1968,C,T,0
1969,C,T,0
1970,C,T,0
1971,C,T,0
1972,C,T,0
1973,C,T,0
1974,C,T,0
1975,C,T,0
1976,C,T,0
1977,C,T,0
1978,C,T,0
1979,C,T,0
1980,C,T,0
1981,C,T,0
1982,C,T,0
1983,C,T,0
1984,C,T,0
1985,C,T,0
1986,C,T,0
1987,C,T,0
1988,C,T,0
1989,C,T,0
1990,C,T,0
1991,C,T,0
1992,C,T,0
1993,C,T,0
1994,C,T,0
1995,C,T,0
1996,C,T,0
1997,C,T,0
1998,C,T,0
1999,C,T,0
2000,C,T,0
2001,C,T,0
2002,C,T,0
2003,C,T,0
2004,C,T,0
2005,C,T,0
2006,C,T,0
2007,C,T,0
2008,C,T,0
2009,C,T,0
2010,C,T,0
2011,C,T,0
2012,C,T,0
2013,C,T,0
2014,C,T,0
2015,C,T,0
2016,C,T,0
2017,C,T,0
2018,C,T,0
2019,C,T,0
2020,C,T,0
2021,C,T,0
2022,C,T,0
2023,C,T,0
2024,C,T,0
2025,C,T,0
2026,C,T,0
2027,C,T,0
2028,C,T,0
2029,C,T,0
2030,C,T,0
2031,C,T,0
2032,C,T,0
2033,C,T,0
2034,C,T,0
2035,C,T,0
2036,C,T,0
2037,C,T,0
2038,C,T,0
2039,C,T,0
2040,C,T,0
2041,C,T,0
2042,C,T,0
2043,C,T,0
2044,C,T,0
2045,C,T,0
2046,C,T,0
2047,C,T,0
2048,C,T,0
2049,C,T,0
2050,C,T,0
2051,C,T,0
2052,C,T,0
2053,C,T,0
2054,C,T,0
2055,C,T,0
2056,C,T,0
2057,C,T,0
2058,C,T,0
2059,C,T,0
2060,C,T,0
2061,C,T,0
2062,C,T,0
2063,C,T,0
2064,C,T,0
2065,C,T,0
2066,C,T,0
2067,C,T,0
2068,C,T,0
2069,C,T,0
2070,C,T,0
2071,C,T,0
2072,C,T,0
2073,C,T,0
2074,C,T,0
2075,C,T,0
2076,C,T,0
2077,C,T,0
2078,C,T,0
2079,C,T,0
2080,C,T,0
2081,C,T,0
2082,C,T,0
2083,C,T,0
2084,C,T,0
2085,C,T,0
2086,C,T,0
2087,C,T,0
2088,C,T,0
2089,C,T,0
2090,C,T,0
2091,C,T,0
2092,C,T,0
2093,C,T,0
2094,C,T,0
2095,C,T,0
2096,C,T,0
2097,C,T,0
2098,C,T,0
2099,C,T,0
2100,C,T,0
2101,C,T,0
2102,C,T,0
2103,C,T,0
2104,C,T,0
2105,C,T,0
2106,C,T,0
2107,C,T,0
2108,C,T,0
2109,C,T,0
2110,C,T,0
2111,C,T,0
2112,C,T,0
2113,C,T,0
2114,C,T,0
2115,C,T,0
2116,C,T,0
2117,C,T,0
2118,C,T,0
2119,C,T,0
2120,C,C,0
2121,C,C,0
2122,C,C,0
2123,C,C,0
2124,C,C,0
2125,C,C,0
2126,C,C,0
2127,C,C,0
2128,C,C,0
2129,C,C,0
2130,C,C,0
2131,C,C,0
2132,C,C,0
2133,C,C,0
2134,C,C,0
2135,C,C,0
2136,C,C,0
2137,C,C,0
2138,C,C,0
2139,C,C,0
2140,C,C,0
2141,C,C,0
2142,C,C,0
2143,C,C,0
2144,C,C,0
2145,C,C,0
2146,C,C,0
2147,C,C,0
2148,C,C,0
2149,C,C,0
2150,C,C,0
2151,C,C,0
2152,C,C,0
2153,C,C,0
2154,C,C,0
2155,C,C,0
2156,C,C,0
2157,C,C,0
2158,C,C,0
2159,C,C,0
2160,C,C,0
2161,C,C,0
2162,C,C,0
2163,C,C,0
2164,C,C,0
2165,C,C,0
2166,C,C,0
2167,C,C,0
2168,C,C,0
2169,C,C,0
2170,C,C,0
2171,C,C,0
2172,C,C,0
2173,C,C,0
2174,C,C,0
2175,C,C,0
2176,C,C,0
2177,C,C,0
2178,C,C,0
2179,C,C,0
2180,C,C,0
2181,C,C,0
2182,C,C,0
2183,C,C,0
2184,C,C,0
2185,C,C,0
2186,C,C,0
2187,C,C,0
2188,C,C,0
2189,C,C,0
2190,C,C,0
2191,C,C,0
2192,C,C,0
2193,C,C,0
2194,C,C,0
2195,C,C,0
2196,C,C,0
2197,C,C,0
2198,C,C,0
2199,C,C,0
2200,C,C,0
2201,C,C,0
2202,C,C,0
2203,C,C,0
2204,C,C,0
2205,C,C,0
2206,C,C,0
2207,C,C,0
2208,C,C,0
2209,C,C,0
2210,C,C,0
2211,C,C,0
2212,C,C,0
2213,C,C,0
2214,C,C,0
2215,C,C,0
2216,C,C,0
2217,C,C,0
2218,C,C,0
2219,C,C,0
2220,C,C,0
2221,C,C,0
2222,C,C,0
2223,C,C,0
2224,C,C,0
2225,C,C,0
2226,C,C,0
2227,C,C,0
2228,C,C,0
2229,C,C,0
2230,C,C,0
2231,C,C,0
2232,C,C,0
2233,C,C,0
2234,C,C,0
2235,C,C,0
2236,C,C,0
2237,C,C,0
2238,C,C,0
2239,C,C,0
2240,C,C,0
2241,C,C,0
2242,C,C,0
2243,C,C,0
2244,C,C,0
2245,C,C,0
2246,C,C,0
2247,C,C,0
2248,C,C,0
2249,C,C,0
2250,C,C,0
2251,C,C,0
2252,C,C,0
2253,C,C,0
2254,C,C,0
2255,C,C,0
2256,C,C,0
2257,C,C,0
2258,C,C,0
2259,C,C,0
2260,C,C,0
2261,C,C,0
2262,C,C,0
2263,C,C,0
2264,C,C,0
2265,C,C,0
2266,C,C,0
2267,C,C,0
2268,C,C,0
2269,C,C,0
2270,C,C,0
2271,C,C,0
2272,C,C,0
2273,C,C,0
2274,C,C,0
2275,C,C,0
2276,C,C,0
2277,C,C,0
2278,C,C,0
2279,C,C,0
2280,C,C,0
2281,C,C,0
2282,C,C,0
2283,C,C,0
2284,C,C,0
2285,C,C,0
2286,C,C,0
2287,C,C,0
2288,C,C,0
2289,C,C,0
2290,C,C,0
2291,C,C,0
2292,C,C,0
2293,C,C,0
2294,C,C,0
2295,C,C,0
2296,C,C,0
2297,C,C,0
2298,C,C,0
2299,C,C,0
2300,C,C,0
2301,C,C,0
2302,C,C,0
2303,C,C,0
2304,C,C,0
2305,C,C,0
2306,C,C,0
2307,C,C,0
2308,C,C,0
2309,C,C,0
2310,C,C,0
2311,C,C,0
2312,C,C,0
2313,C,C,0
2314,C,C,0
2315,C,C,0
2316,C,C,0
2317,C,C,0
2318,C,C,0
2319,C,C,0
2320,C,C,0
2321,C,C,0
2322,C,C,0
2323,C,C,0
2324,C,C,0
2325,C,C,0
2326,C,C,0
2327,C,C,0
2328,C,C,0
2329,C,C,0
2330,C,C,0
2331,C,C,0
2332,C,C,0
2333,C,C,0
2334,C,C,0
2335,C,C,0
2336,C,C,0
2337,C,C,0
2338,C,C,0
2339,C,C,0
2340,C,C,0
2341,C,C,0
2342,C,C,0
2343,C,C,0
2344,C,C,0
2345,C,C,0
2346,C,C,0
2347,C,C,0
2348,C,C,0
2349,C,C,0
2350,C,C,0
2351,C,C,0
2352,C,C,0
2353,C,C,0
2354,C,C,0
2355,C,C,0
2356,C,C,0
2357,C,C,0
2358,C,C,0
2359,C,C,0
2360,C,C,0
2361,C,C,0
2362,C,C,0
2363,C,C,0
2364,C,C,0
2365,C,C,0
2366,C,C,0
2367,C,C,0
2368,C,C,0
2369,C,C,0
2370,C,C,0
2371,C,C,0
2372,C,C,0
2373,C,C,0
2374,C,C,0
2375,C,C,0
2376,C,C,0
2377,C,C,0
2378,C,C,0
2379,C,C,0
2380,C,C,0
2381,C,C,0
2382,C,C,0
2383,C,C,0
2384,C,C,0
2385,C,C,0
2386,C,C,0
2387,C,C,0
2388,C,C,0
2389,C,C,0
2390,C,C,0
2391,C,C,0
2392,C,C,0
2393,C,C,0
2394,C,C,0
2395,C,C,0
2396,C,C,0
2397,C,C,0
2398,C,C,0
2399,C,C,0
2400,C,C,0
2401,C,C,0
2402,C,C,0
2403,C,C,0
2404,C,C,0
2405,C,C,0
2406,C,C,0
2407,C,C,0
2408,C,C,0
2409,C,C,0
2410,C,C,0
2411,C,C,0
2412,C,C,0
2413,C,C,0
2414,C,C,0
2415,C,C,0
2416,C,C,0
2417,C,C,0
2418,C,C,0
2419,C,C,0
2420,C,C,0
2421,C,C,0
2422,C,C,0
2423,C,C,0
2424,C,C,0
2425,C,C,0
2426,C,C,0
2427,C,C,0
2428,C,C,0
2429,C,C,0
2430,C,C,0
2431,C,C,0
2432,C,C,0
2433,C,C,0
2434,C,C,0
2435,C,C,0
2436,C,C,0
2437,C,C,0
2438,C,C,0
2439,C,C,0
2440,C,C,0
2441,C,C,0
2442,C,C,0
2443,C,C,0
2444,C,C,0
2445,C,C,0
2446,C,C,0
2447,C,C,0
2448,C,C,0
2449,C,C,0
2450,C,C,0
2451,C,C,0
2452,C,C,0
2453,C,C,0
2454,C,C,0
2455,C,C,0
2456,C,C,0
2457,C,C,0
2458,C,C,0
2459,C,C,0
2460,C,C,0
2461,C,C,0
2462,C,C,0
2463,C,C,0
2464,C,C,0
2465,C,C,0
2466,C,C,0
2467,C,C,0
2468,C,C,0
2469,C,C,0
2470,C,C,0
2471,C,C,0
2472,C,C,0
2473,C,C,0
2474,C,C,0
2475,C,C,0
2476,C,C,0
2477,C,C,0
2478,C,C,0
2479,C,C,0
2480,C,C,0
2481,C,C,0
2482,C,C,0
2483,C,C,0
2484,C,C,0
2485,C,C,0
2486,C,C,0
2487,C,C,0
2488,C,C,0
2489,C,C,0
2490,C,C,0
2491,C,C,0
2492,C,C,0
2493,C,C,0
2494,C,C,0
2495,C,C,0
2496,C,C,0
2497,C,C,0
2498,C,C,0
2499,C,C,0
2500,C,C,0
2501,C,C,0
2502,C,C,0
2503,C,C,0
2504,C,C,0
2505,C,C,0
2506,C,C,0
2507,C,C,0
2508,C,C,0
2509,C,C,0
2510,C,C,0
2511,C,C,0
2512,C,C,0
2513,C,C,0
2514,C,C,0
2515,C,C,0
2516,C,C,0
2517,C,C,0
2518,C,C,0
2519,C,C,0
2520,C,C,0
2521,C,C,0
2522,C,C,0
2523,C,C,0
2524,C,C,0
2525,C,C,0
2526,C,C,0
2527,C,C,0
2528,C,C,0
2529,C,C,0
2530,C,C,0
2531,C,C,0
2532,C,C,0
2533,C,C,0
2534,C,C,0
2535,C,C,0
2536,C,C,0
2537,C,C,0
2538,C,C,0
2539,C,C,0
2540,C,C,0
2541,C,C,0
2542,C,C,0
2543,C,C,0
2544,C,C,0
2545,C,C,0
2546,C,C,0
2547,C,C,0
2548,C,C,0
2549,C,C,0
2550,C,C,0
2551,C,C,0
2552,C,C,0
2553,C,C,0
2554,C,C,0
2555,C,C,0
2556,C,C,0
2557,C,C,0
2558,C,C,0
2559,C,C,0
2560,C,C,0
2561,C,C,0
2562,C,C,0
2563,C,C,0
2564,C,C,0
2565,C,C,0
2566,C,C,0
2567,C,C,0
2568,C,C,0
2569,C,C,0
2570,C,C,0
2571,C,C,0
2572,C,C,0
2573,C,C,0
2574,C,C,0
2575,C,C,0
2576,C,C,0
2577,C,C,0
2578,C,C,0
2579,C,C,0
2580,C,C,0
2581,C,C,0
2582,C,C,0
2583,C,C,0
2584,C,C,0
2585,C,C,0
2586,C,C,0
2587,C,C,0
2588,C,C,0
2589,C,C,0
2590,C,C,0
2591,C,C,0
2592,C,C,0
2593,C,C,0
2594,C,C,0
2595,C,C,0
2596,C,C,0
2597,C,C,0
2598,C,C,0
2599,C,C,0
2600,C,C,0
2601,C,C,0
2602,C,C,0
2603,C,C,0
2604,C,C,0
2605,C,C,0
2606,C,C,0
2607,C,C,0
2608,C,C,0
2609,C,C,0
2610,C,C,0
2611,C,C,0
2612,C,C,0
2613,C,C,0
2614,C,C,0
2615,C,C,0
2616,C,C,0
2617,C,C,0
2618,C,C,0
2619,C,C,0
2620,C,C,0
2621,C,C,0
2622,C,C,0
2623,C,C,0
2624,C,C,0
2625,C,C,0
2626,C,C,0
2627,C,C,0
2628,C,C,0
2629,C,C,0
2630,C,C,0
2631,C,C,0
2632,C,C,0
2633,C,C,0
2634,C,C,0
2635,C,C,0
2636,C,C,0
2637,C,C,0
2638,C,C,0
2639,C,C,0
2640,C,C,0
2641,C,C,0
2642,C,C,0
2643,C,C,0
2644,C,C,0
2645,C,C,0
2646,C,C,0
2647,C,C,0
2648,C,C,0
2649,C,C,0
2650,C,C,0
2651,C,C,0
2652,C,C,0
2653,C,C,0
2654,C,C,0
2655,C,C,0
2656,C,C,0
2657,C,C,0
2658,C,C,0
2659,C,C,0
2660,C,C,0
2661,C,C,0
2662,C,C,0
2663,C,C,0
2664,C,C,0
2665,C,C,0
2666,C,C,0
2667,C,C,0
2668,C,C,0
2669,C,C,0
2670,C,C,0
2671,C,C,0
2672,C,C,0
2673,C,C,0
2674,C,C,0
2675,C,C,0
2676,C,C,0
2677,C,C,0
2678,C,C,0
2679,C,C,0
2680,C,C,0
2681,C,C,0
2682,C,C,0
2683,C,C,0
2684,C,C,0
2685,C,C,0
2686,C,C,0
2687,C,C,0
2688,C,C,0
2689,C,C,0
2690,C,C,0
2691,C,C,0
2692,C,C,0
2693,C,C,0
2694,C,C,0
2695,C,C,0
2696,C,C,0
2697,C,C,0
2698,C,C,0
2699,C,C,0
2700,C,C,0
2701,C,C,0
2702,C,C,0
2703,C,C,0
2704,C,C,0
2705,C,C,0
2706,C,C,0
2707,C,C,0
2708,C,C,0
2709,C,C,0
2710,C,C,0
2711,C,C,0
2712,C,C,0
2713,C,C,0
2714,C,C,0
2715,C,C,0
2716,C,C,0
2717,C,C,0
2718,C,C,0
2719,C,C,0
2720,C,C,0
2721,C,C,0
2722,C,C,0
2723,C,C,0
2724,C,C,0
2725,C,C,0
2726,C,C,0
2727,C,C,0
2728,C,C,0
2729,C,C,0
2730,C,C,0
2731,C,C,0
2732,C,C,0
2733,C,C,0
2734,C,C,0
2735,C,C,0
2736,C,C,0
2737,C,C,0
2738,C,C,0
2739,C,C,0
2740,C,C,0
2741,C,C,0
2742,C,C,0
2743,C,C,0
2744,C,C,0
2745,C,C,0
2746,C,C,0
2747,C,C,0
2748,C,C,0
2749,C,C,0
2750,C,C,0
2751,C,C,0
2752,C,C,0
2753,C,C,0
2754,C,C,0
2755,C,C,0
2756,C,C,0
2757,C,C,0
2758,C,C,0
2759,C,C,0
2760,C,C,0
2761,C,C,0
2762,C,C,0
2763,C,C,0
2764,C,C,0
2765,C,C,0
2766,C,C,0
2767,C,C,0
2768,C,C,0
2769,C,C,0
2770,C,C,0
2771,C,C,0
2772,C,C,0
2773,C,C,0
2774,C,C,0
2775,C,C,0
2776,C,C,0
2777,C,C,0
2778,C,C,0
2779,C,C,0
2780,C,C,0
2781,C,C,0
2782,C,C,0
2783,C,C,0
2784,C,C,0
2785,C,C,0
2786,C,C,0
2787,C,C,0
2788,C,C,0
2789,C,C,0
2790,C,C,0
2791,C,C,0
2792,C,C,0
2793,C,C,0
2794,C,C,0
2795,C,C,0
2796,C,C,0
2797,C,C,0
2798,C,C,0
2799,C,C,0
2800,C,C,0
2801,C,C,0
2802,C,C,0
2803,C,C,0
2804,C,C,0
2805,C,C,0
2806,C,C,0
2807,C,C,0
2808,C,C,0
2809,C,C,0
2810,C,C,0
2811,C,C,0
2812,C,C,0
2813,C,C,0
2814,C,C,0
2815,C,C,0
2816,C,C,0
2817,C,C,0
2818,C,C,0
2819,C,C,0
2820,C,C,0
2821,C,C,0
2822,C,C,0
2823,C,C,0
2824,C,C,0
2825,C,C,0
2826,C,C,0
2827,C,C,0
2828,C,C,0
2829,C,C,0
2830,C,C,0
2831,C,C,0
2832,C,C,0
2833,C,C,0
2834,C,C,0
2835,C,C,0
2836,C,C,0
2837,C,C,0
2838,C,C,0
2839,C,C,0
2840,C,C,0
2841,C,C,0
2842,C,C,0
2843,C,C,0
2844,C,C,0
2845,C,C,0
2846,C,C,0
2847,C,C,0
2848,C,C,0
2849,C,C,0
2850,C,C,0
2851,C,C,0
2852,C,C,0
2853,C,C,0
2854,C,C,0
2855,C,C,0
2856,C,C,0
2857,C,C,0
2858,C,C,0
2859,C,C,0
2860,C,C,0
2861,C,C,0
2862,C,C,0
2863,C,C,0
2864,C,C,0
2865,C,C,0
2866,C,C,0
2867,C,C,0
2868,C,C,0
2869,C,C,0
2870,C,C,0
2871,C,C,0
2872,C,C,0
2873,C,C,0
2874,C,C,0
2875,C,C,0
2876,C,C,0
2877,C,C,0
2878,C,C,0
2879,C,C,0
2880,C,C,0
2881,C,C,0
2882,C,C,0
2883,C,C,0
2884,C,C,0
2885,C,C,0
2886,C,C,0
2887,C,C,0
2888,C,C,0
2889,C,C,0
2890,C,C,0
2891,C,C,0
2892,C,C,0
2893,C,C,0
2894,C,C,0
2895,C,C,0
2896,C,C,0
2897,C,C,0
2898,C,C,0
2899,C,C,0
2900,C,C,0
2901,C,C,0
2902,C,C,0
2903,C,C,0
2904,C,C,0
2905,C,C,0
2906,C,C,0
2907,C,C,0
2908,C,C,0
2909,C,C,0
2910,C,C,0
2911,C,C,0
2912,C,C,0
2913,C,C,0
2914,C,C,0
2915,C,C,0
2916,C,C,0
2917,C,C,0
2918,C,C,0
2919,C,C,0
2920,C,C,0
2921,C,C,0
2922,C,C,0
2923,C,C,0
2924,C,C,0
2925,C,C,0
2926,C,C,0
2927,C,C,0
2928,C,C,0
2929,C,C,0
2930,C,C,0
2931,C,C,0
2932,C,C,0
2933,C,C,0
2934,C,C,0
2935,C,C,0
2936,C,C,0
2937,C,C,0
2938,C,C,0
2939,C,C,0
2940,C,C,0
2941,C,C,0
2942,C,C,0
2943,C,C,0
2944,C,C,0
2945,C,C,0
2946,C,C,0
2947,C,C,0
2948,C,C,0
2949,C,C,0
2950,C,C,0
2951,C,C,0
2952,C,C,0
2953,C,C,0
2954,C,C,0
2955,C,C,0
2956,C,C,0
2957,C,C,0
2958,C,C,0
2959,C,C,0
2960,C,C,0
2961,C,C,0
2962,C,C,0
2963,C,C,0
2964,C,C,0
2965,C,C,0
2966,C,C,0
2967,C,C,0
2968,C,C,0
2969,C,C,0
2970,C,C,0
2971,C,C,0
2972,C,C,0
2973,C,C,0
2974,C,C,0
2975,C,C,0
2976,C,C,0
2977,C,C,0
2978,C,C,0
2979,C,C,0
2980,C,C,0
2981,C,C,0
2982,C,C,0
2983,C,C,0
2984,C,C,0
2985,C,C,0
2986,C,C,0
2987,C,C,0
2988,C,C,0
2989,C,C,0
2990,C,C,0
2991,C,C,0
2992,C,C,0
2993,C,C,0
2994,C,C,0
2995,C,C,0
2996,C,C,0
2997,C,C,0
2998,C,C,0
2999,C,C,0
3000,C,C,0
3001,C,C,0
3002,C,C,0
3003,C,C,0
3004,C,C,0
3005,C,C,0
3006,C,C,0
3007,C,C,0
3008,C,C,0
3009,C,C,0
3010,C,C,0
3011,C,C,0
3012,C,C,0
3013,C,C,0
3014,C,C,0
3015,C,C,0
3016,C,C,0
3017,C,C,0
3018,C,C,0
3019,C,C,0
3020,C,C,0
3021,C,C,0
3022,C,C,0
3023,C,C,0
3024,C,C,0
3025,C,C,0
3026,C,C,0
3027,C,C,0
3028,C,C,0
3029,C,C,0
3030,C,C,0
3031,C,C,0
3032,C,C,0
3033,C,C,0
3034,C,C,0
3035,C,C,0
3036,C,C,0
3037,C,C,0
3038,C,C,0
3039,C,C,0
3040,C,C,0
3041,C,C,0
3042,C,C,0
3043,C,C,0
3044,C,C,0
3045,C,C,0
3046,C,C,0
3047,C,C,0
3048,C,C,0
3049,C,C,0
3050,C,C,0
3051,C,C,0
3052,C,C,0
3053,C,C,0
3054,C,C,0
3055,C,C,0
3056,C,C,0
3057,C,C,0
3058,C,C,0
3059,C,C,0
3060,C,C,0
3061,C,C,0
3062,C,C,0
3063,C,C,0
3064,C,C,0
3065,C,C,0
3066,C,C,0
3067,C,C,0
3068,C,C,0
3069,C,C,0
3070,C,C,0
3071,C,C,0
3072,C,C,0
3073,C,C,0
3074,C,C,0
3075,C,C,0
3076,C,C,0
3077,C,C,0
3078,C,C,0
3079,C,C,0
3080,C,C,0
3081,C,C,0
3082,C,C,0
3083,C,C,0
3084,C,C,0
3085,C,C,0
3086,C,C,0
3087,C,C,0
3088,C,C,0
3089,C,C,0
3090,C,C,0
3091,C,C,0
3092,C,C,0
3093,C,C,0
3094,C,C,0
3095,C,C,0
3096,C,C,0
3097,C,C,0
3098,C,C,0
3099,C,C,0
3100,C,C,0
3101,C,C,0
3102,C,C,0
3103,C,C,0
3104,C,C,0
3105,C,C,0
3106,C,C,0
3107,C,C,0
3108,C,C,0
3109,C,C,0
3110,C,C,0
3111,C,C,0
3112,C,C,0
3113,C,C,0
3114,C,C,0
3115,C,C,0
3116,C,C,0
3117,C,C,0
3118,C,C,0
3119,C,C,0
3120,C,C,0
3121,C,C,0
3122,C,C,0
3123,C,C,0
3124,C,C,0
3125,C,C,0
3126,C,C,0
3127,C,C,0
3128,C,C,0
3129,C,C,0
3130,C,C,0
3131,C,C,0
3132,C,C,0
3133,C,C,0
3134,C,C,0
3135,C,C,0
3136,C,C,0
3137,C,C,0
3138,C,C,0
3139,C,C,0
3140,C,C,0
3141,C,C,0
3142,C,C,0
3143,C,C,0
3144,C,C,0
3145,C,C,0
3146,C,C,0
3147,C,C,0
3148,C,C,0
3149,C,C,0
3150,C,C,0
3151,C,C,0
3152,C,C,0
3153,C,C,0
3154,C,C,0
3155,C,C,0
3156,C,C,0
3157,C,C,0
3158,C,C,0
3159,C,C,0
3160,C,C,0
3161,C,C,0
3162,C,C,0
3163,C,C,0
3164,C,C,0
3165,C,C,0
3166,C,C,0
3167,C,C,0
3168,C,C,0
3169,C,C,0
3170,C,C,0
3171,C,C,0
3172,C,C,0
3173,C,C,0
3174,C,C,0
3175,C,C,0
3176,C,C,0
3177,C,C,0
3178,C,C,0
3179,C,C,0
3180,C,C,0
3181,C,C,0
3182,C,C,0
3183,C,C,0
3184,C,C,0
3185,C,C,0
3186,C,C,0
3187,C,C,0
3188,C,C,0
3189,C,C,0
3190,C,C,0
3191,C,C,0
3192,C,C,0
3193,C,C,0
3194,C,C,0
3195,C,C,0
3196,C,C,0
3197,C,C,0
3198,C,C,0
3199,C,C,0
3200,C,C,0
3201,C,C,0
3202,C,C,0
3203,C,C,0
3204,C,C,0
3205,C,C,0
3206,C,C,0
3207,C,C,0
3208,C,C,0
3209,C,C,0
3210,C,C,0
3211,C,C,0
3212,C,C,0
3213,C,C,0
3214,C,C,0
3215,C,C,0
3216,C,C,0
3217,C,C,0
3218,C,C,0
3219,C,C,0
3220,C,C,0
3221,C,C,0
3222,C,C,0
3223,C,C,0
3224,C,C,0
3225,C,C,0
3226,C,C,0
3227,C,C,0
3228,C,C,0
3229,C,C,0
3230,C,C,0
3231,C,C,0
3232,C,C,0
3233,C,C,0
3234,C,C,0
3235,C,C,0
3236,C,C,0
3237,C,C,0
3238,C,C,0
3239,C,C,0
3240,C,C,0
3241,C,C,0
3242,C,C,0
3243,C,C,0
3244,C,C,0
3245,C,C,0
3246,C,C,0
3247,C,C,0
3248,C,C,0
3249,C,C,0
3250,C,C,0
3251,C,C,0
3252,C,C,0
3253,C,C,0
3254,C,C,0
3255,C,C,0
3256,C,C,0
3257,C,C,0
3258,C,C,0
3259,C,C,0
3260,C,C,0
3261,C,C,0
3262,C,C,0
3263,C,C,0
3264,C,C,0
3265,C,C,0
3266,C,C,0
3267,C,C,0
3268,C,C,0
3269,C,C,0
3270,C,C,0
3271,C,C,0
3272,C,C,0
3273,C,C,0
3274,C,C,0
3275,C,C,0
3276,C,C,0
3277,C,C,0
3278,C,C,0
3279,C,C,0
3280,C,C,0
3281,C,C,0
3282,C,C,0
3283,C,C,0
3284,C,C,0
3285,C,C,0
3286,C,C,0
3287,C,C,0
3288,C,C,0
3289,C,C,0
3290,C,C,0
3291,C,C,0
3292,C,C,0
3293,C,C,0
3294,C,C,0
3295,C,C,0
3296,C,C,0
3297,C,C,0
3298,C,C,0
3299,C,C,0
3300,C,C,0
3301,C,C,0
3302,C,C,0
3303,C,C,0
3304,C,C,0
3305,C,C,0
3306,C,C,0
3307,C,C,0
3308,C,C,0
3309,C,C,0
3310,C,C,0
3311,C,C,0
3312,C,C,0
3313,C,C,0
3314,C,C,0
3315,C,C,0
3316,C,C,0
3317,C,C,0
3318,C,C,0
3319,C,C,0
3320,C,C,0
3321,C,C,0
3322,C,C,0
3323,C,C,0
3324,C,C,0
3325,C,C,0
3326,C,C,0
3327,C,C,0
3328,C,C,0
3329,C,C,0
3330,C,C,0
3331,C,C,0
3332,C,C,0
3333,C,C,0
3334,C,C,0
3335,C,C,0
3336,C,C,0
3337,C,C,0
3338,C,C,0
3339,C,C,0
3340,C,C,0
3341,C,C,0
3342,C,C,0
3343,C,C,0
3344,C,C,0
3345,C,C,0
3346,C,C,0
3347,C,C,0
3348,C,C,0
3349,C,C,0
3350,C,C,0
3351,C,C,0
3352,C,C,0
3353,C,C,0
3354,C,C,0
3355,C,C,0
3356,C,C,0
3357,C,C,0
3358,C,C,0
3359,C,C,0
3360,C,C,0
3361,C,C,0
3362,C,C,0
3363,C,C,0
3364,C,C,0
3365,C,C,0
3366,C,C,0
3367,C,C,0
3368,C,C,0
3369,C,C,0
3370,C,C,0
3371,C,C,0
3372,C,C,0
3373,C,C,0
3374,C,C,0
3375,C,C,0
3376,C,C,0
3377,C,C,0
3378,C,C,0
3379,C,C,0
3380,C,C,0
3381,C,C,0
3382,C,C,0
3383,C,C,0
3384,C,C,0
3385,C,C,0
3386,C,C,0
3387,C,C,0
3388,C,C,0
3389,C,C,0
3390,C,C,0
3391,C,C,0
3392,C,C,0
3393,C,C,0
3394,C,C,0
3395,C,C,0
3396,C,C,0
3397,C,C,0
3398,C,C,0
3399,C,C,0
3400,C,C,0
3401,C,C,0
3402,C,C,0
3403,C,C,0
3404,C,C,0
3405,C,C,0
3406,C,C,0
3407,C,C,0
3408,C,C,0
3409,C,C,0
3410,C,C,0
3411,C,C,0
3412,C,C,0
3413,C,C,0
3414,C,C,0
3415,C,C,0
3416,C,C,0
3417,C,C,0
3418,C,C,0
3419,C,C,0
3420,C,C,0
3421,C,C,0
3422,C,C,0
3423,C,C,0
3424,C,C,0
3425,C,C,0
3426,C,C,0
3427,C,C,0
3428,C,C,0
3429,C,C,0
3430,C,C,0
3431,C,C,0
3432,C,C,0
3433,C,C,0
3434,C,C,0
3435,C,C,0
3436,C,C,0
3437,C,C,0
3438,C,C,0
3439,C,C,0
3440,C,C,0
3441,C,C,0
3442,C,C,0
3443,C,C,0
3444,C,C,0
3445,C,C,0
3446,C,C,0
3447,C,C,0
3448,C,C,0
3449,C,C,0
3450,C,C,0
3451,C,C,0
3452,C,C,0
3453,C,C,0
3454,C,C,0
3455,C,C,0
3456,C,C,0
3457,C,C,0
3458,C,C,0
3459,C,C,0
3460,C,C,0
3461,C,C,0
3462,C,C,0
3463,C,C,0
3464,C,C,0
3465,C,C,0
3466,C,C,0
3467,C,C,0
3468,C,C,0
3469,C,C,0
3470,C,C,0
3471,C,C,0
3472,C,C,0
3473,C,C,0
3474,C,C,0
3475,C,C,0
3476,C,C,0
3477,C,C,0
3478,C,C,0
3479,C,C,0
3480,C,C,0
3481,C,C,0
3482,C,C,0
3483,C,C,0
3484,C,C,0
3485,C,C,0
3486,C,C,0
3487,C,C,0
3488,C,C,0
3489,C,C,0
3490,C,C,0
3491,C,C,0
3492,C,C,0
3493,C,C,0
3494,C,C,0
3495,C,C,0
3496,C,C,0
3497,C,C,0
3498,C,C,0
3499,C,C,0
3500,C,C,0
3501,C,C,0
3502,C,C,0
3503,C,C,0
3504,C,C,0
3505,C,C,0
3506,C,C,0
3507,C,C,0
3508,C,C,0
3509,C,C,0
3510,C,C,0
3511,C,C,0
3512,C,C,0
3513,C,C,0
3514,C,C,0
3515,C,C,0
3516,C,C,0
3517,C,C,0
3518,C,C,0
3519,C,C,0
3520,C,C,0
3521,C,C,0
3522,C,C,0
3523,C,C,0
3524,C,C,0
3525,C,C,0
3526,C,C,0
3527,C,C,0
3528,C,C,0
3529,C,C,0
3530,C,C,0
3531,C,C,0
3532,C,C,0
3533,C,C,0
3534,C,C,0
3535,C,C,0
3536,C,C,0
3537,C,C,0
3538,C,C,0
3539,C,C,0
3540,C,C,0
3541,C,C,0
3542,C,C,0
3543,C,C,0
3544,C,C,0
3545,C,C,0
3546,C,C,0
3547,C,C,0
3548,C,C,0
3549,C,C,0
3550,C,C,0
3551,C,C,0
3552,C,C,0
3553,C,C,0
3554,C,C,0
3555,C,C,0
3556,C,C,0
3557,C,C,0
3558,C,C,0
3559,C,C,0
3560,C,C,0
3561,C,C,0
3562,C,C,0
3563,C,C,0
3564,C,C,0
3565,C,C,0
3566,C,C,0
3567,C,C,0
3568,C,C,0
3569,C,C,0
3570,C,C,0
3571,C,C,0
3572,C,C,0
3573,C,C,0
3574,C,C,0
3575,C,C,0
3576,C,C,0
3577,C,C,0
3578,C,C,0
3579,C,C,0
3580,C,C,0
3581,C,C,0
3582,C,C,0
3583,C,C,0
3584,C,C,0
3585,C,C,0
3586,C,C,0
3587,C,C,0
3588,C,C,0
3589,C,C,0
3590,C,C,0
3591,C,C,0
3592,C,C,0
3593,C,C,0
3594,C,C,0
3595,C,C,0
3596,C,C,0
3597,C,C,0
3598,C,C,0
3599,C,C,0
3600,C,C,0
3601,C,C,0
3602,C,C,0
3603,C,C,0
3604,C,C,0
3605,C,C,0
3606,C,C,0
3607,C,C,0
3608,C,C,0
3609,C,C,0
3610,C,C,0
3611,C,C,0
3612,C,C,0
3613,C,C,0
3614,C,C,0
3615,C,C,0
3616,C,C,0
3617,C,C,0
3618,C,C,0
